<?xml version="1.0" encoding="utf-8"?>
<updates>
    <update>
        <name>Bears Live Search</name>
        <description>Live Search module by Bear</description>
        <element>mod_bearslivesearch</element>
        <type>module</type>
        <version>2025.07.15</version>
        <client>site</client>
        <infourl title="GitHub Repository">https://github.com/N6REJ/mod_bearslivesearch</infourl>
        <downloads>
            <downloadurl type="full" format="zip">https://github.com/N6REJ/mod_bearslivesearch/releases/download/2025.06.13.1/mod_bearslivesearch_2025.06.13.1.zip</downloadurl>
        </downloads>
        <targetplatform name="joomla" version="5.*" />
        <php_minimum>8.1</php_minimum>
    </update>
</updates>
